<edmx:Edmx xmlns:edmx="http://docs.oasis-open.org/odata/ns/edmx" Version="4.0">
    <edmx:Reference Uri="https://sap.github.io/odata-vocabularies/vocabularies/UI.xml">
        <edmx:Include Namespace="com.sap.vocabularies.UI.v1" Alias="UI"/>
    </edmx:Reference>
    <edmx:Reference Uri="/sap/opu/odata/sap/ZUI_C_BASIC_TRACKS_DASH/$metadata">
        <edmx:Include Namespace="cds_zui_basic_tracks_dash"/>
    </edmx:Reference>
    <edmx:DataServices>
        <Schema xmlns="http://docs.oasis-open.org/odata/ns/edm" Namespace="ovp">
        <Annotations Target="cds_zui_basic_tracks_dash.ZC_BASIC_TRACKS_DASHType">
                <Annotation Term="UI.Chart" Qualifier="co2EmissionPerQuarter">
                    <Record>
                        <PropertyValue Property="Title" String="CO2 Emission Per Quarter"/>
                        <PropertyValue Property="MeasureAttributes">
                            <Collection>
                                <Record Type="UI.ChartMeasureAttributeType">
                                    <PropertyValue Property="Measure" PropertyPath="zzglec"/>
                                    <PropertyValue Property="Role" EnumMember="UI.ChartMeasureRoleType/Axis1"/>
                                </Record>
                                <Record Type="UI.ChartMeasureAttributeType">
                                    <PropertyValue Property="Measure" PropertyPath="zzglec_primary"/>
                                    <PropertyValue Property="Role" EnumMember="UI.ChartMeasureRoleType/Axis1"/>
                                </Record>
                            </Collection>
                        </PropertyValue>
                        <PropertyValue Property="DimensionAttributes">
                            <Collection>
                                <Record Type="UI.ChartDimensionAttributeType">
                                    <PropertyValue Property="Dimension" PropertyPath="Load_Date_YearMonth"/>
                                    <PropertyValue Property="Role" EnumMember="UI.ChartDimensionRoleType/Category"/>
                                </Record>
                            </Collection>
                        </PropertyValue>
                        <PropertyValue Property="ChartType" EnumMember="UI.ChartType/ColumnStacked"/>
                        <PropertyValue Property="Description" String="REPLACE_WITH_CHART_DESC"/>
                    </Record>
                </Annotation>
                <Annotation Term="UI.PresentationVariant" Qualifier="pvco2EmissionPerQuarter">
                    <Record>
                        <PropertyValue Property="Visualizations">
                            <Collection>
                                <AnnotationPath>@UI.Chart#co2EmissionPerQuarter</AnnotationPath>
                            </Collection>
                        </PropertyValue>
                    </Record>
                </Annotation>
                <Annotation Term="UI.DataPoint" Qualifier="dpco2EmissionPerQuarter">
                    <Record Type="UI.DataPointType">
                        <PropertyValue Property="Criticality" EnumMember="UI.CriticalityType/Critical"/>
                        <PropertyValue Property="Value" Path="Load_Date_YearMonth"/>
                    </Record>
                </Annotation>
                <Annotation Term="UI.Identification" Qualifier="ico2EmissionPerQuarter">
                    <Collection>
                        <Record Type="UI.DataField">
                            <PropertyValue Property="Value" Path="Load_Date_YearMonth"/>
                            <Annotation Term="UI.Importance" EnumMember="UI.ImportanceType/High"/>
                        </Record>
                    </Collection>
                </Annotation>
                <Annotation Term="UI.Chart" Qualifier="co2EmissionPerCarrier">
                    <Record>
                        <PropertyValue Property="Title" String="Total Co2 Emission per Carrier"/>
                        <PropertyValue Property="MeasureAttributes">
                            <Collection>
                                <Record Type="UI.ChartMeasureAttributeType">
                                    <PropertyValue Property="Measure" PropertyPath="zzglec_comb"/>
                                    <PropertyValue Property="Role" EnumMember="UI.ChartMeasureRoleType/Axis1"/>
                                </Record>
                            </Collection>
                        </PropertyValue>
                        <PropertyValue Property="DimensionAttributes">
                            <Collection>
                                <Record Type="UI.ChartDimensionAttributeType">
                                    <PropertyValue Property="Dimension" PropertyPath="zzglec_carrier"/>
                                    <PropertyValue Property="Role" EnumMember="UI.ChartDimensionRoleType/Category"/>
                                </Record>
                            </Collection>
                        </PropertyValue>
                        <PropertyValue Property="ChartType" EnumMember="UI.ChartType/Donut"/>
                        <PropertyValue Property="Description" String="REPLACE_WITH_CHART_DESC"/>
                    </Record>
                </Annotation>
                <Annotation Term="UI.PresentationVariant" Qualifier="pvco2EmissionPerCarrier">
                    <Record>
                        <PropertyValue Property="Visualizations">
                            <Collection>
                                <AnnotationPath>@UI.Chart#co2EmissionPerTLane</AnnotationPath>
                            </Collection>
                        </PropertyValue>
                    </Record>
                </Annotation>
                <Annotation Term="UI.DataPoint" Qualifier="dpco2EmissionPerCarrier">
                    <Record Type="UI.DataPointType">
                        <PropertyValue Property="Criticality" EnumMember="UI.CriticalityType/Critical"/>
                        <PropertyValue Property="Value" Path="zzglec"/>
                    </Record>
                </Annotation>
                <Annotation Term="UI.Identification" Qualifier="ico2EmissionPerCarrier">
                    <Collection>
                        <Record Type="UI.DataField">
                            <PropertyValue Property="Value" Path="zzglec_carrier"/>
                            <PropertyValue Property="Label" String="Carrier"/>
                            <Annotation Term="UI.Importance" EnumMember="UI.ImportanceType/High"/>
                        </Record>
                        <Record Type="UI.DataFieldWithUrl">
                            <PropertyValue Property="Value" String="REPLACE_WITH_VALUE"/>
                            <PropertyValue Property="Url" String="http://vm2110.sapls.local:8000/sap/bc/ui5_ui5/sap/zz1_trackscarr/index.html"/>
                        </Record>
                    </Collection>
                </Annotation>
                <Annotation Term="UI.Chart" Qualifier="co2EmissionPerTLane">
                    <Record>
                        <PropertyValue Property="Title" String="Total Co2 Emission per Transportation Lane"/>
                        <PropertyValue Property="MeasureAttributes">
                            <Collection>
                                <Record Type="UI.ChartMeasureAttributeType">
                                    <PropertyValue Property="Measure" PropertyPath="zzglec"/>
                                    <PropertyValue Property="Role" EnumMember="UI.ChartMeasureRoleType/Axis1"/>
                                </Record>
                            </Collection>
                        </PropertyValue>
                        <PropertyValue Property="DimensionAttributes">
                            <Collection>
                                <Record Type="UI.ChartDimensionAttributeType">
                                    <PropertyValue Property="Dimension" PropertyPath="tlane"/>
                                    <PropertyValue Property="Role" EnumMember="UI.ChartDimensionRoleType/Category"/>
                                </Record>
                            </Collection>
                        </PropertyValue>
                        <PropertyValue Property="ChartType" EnumMember="UI.ChartType/Bar"/>
                        <PropertyValue Property="Description" String="REPLACE_WITH_CHART_DESC"/>
                    </Record>
                </Annotation>
                <Annotation Term="UI.PresentationVariant" Qualifier="pvco2EmissionPerTLane">
                    <Record>
                        <PropertyValue Property="Visualizations">
                            <Collection>
                                <AnnotationPath>@UI.Chart#co2EmissionPerTLane</AnnotationPath>
                            </Collection>
                        </PropertyValue>
                        <PropertyValue Property="MaxItems" Int="10"/>
                    </Record>
                </Annotation>
                <Annotation Term="UI.DataPoint" Qualifier="dpco2EmissionPerTLane">
                    <Record Type="UI.DataPointType">
                        <PropertyValue Property="Criticality" EnumMember="UI.CriticalityType/Critical"/>
                        <PropertyValue Property="Value" Path="zzglec"/>
                    </Record>
                </Annotation>
                <Annotation Term="UI.Identification" Qualifier="ico2EmissionPerTLane">
                    <Collection>
                        <Record Type="UI.DataField">
                            <PropertyValue Property="Value" Path="zzglec"/>
                            <Annotation Term="UI.Importance" EnumMember="UI.ImportanceType/High"/>
                        </Record>
                        <!-- <Record Type="UI.DataFieldWithUrl">
                            <PropertyValue Property="Value" String="REPLACE_WITH_VALUE"/>
                            <PropertyValue Property="Url" String="http://vm2110.sapls.local:8000/sap/bc/ui5_ui5/sap/zz1_trackscarr/index.html"/>
                        </Record> -->
                    </Collection>
                </Annotation>
                <Annotation Term="UI.HeaderInfo">
                    <Record Type="UI.HeaderInfoType">
                        <PropertyValue Property="TypeName" String="Carrier's Carbon Emission Detail"/>
                        <PropertyValue Property="TypeNamePlural" String=" Carrier's Carbon Emission Details"/>
                        <PropertyValue Property="Title">
                            <Record Type="UI.DataField">
                                <PropertyValue Property="Value" Path="zzglec_carrier"/>
                            </Record>
                        </PropertyValue>
                    </Record>
                </Annotation>
            </Annotations>
            <Annotations Target="cds_zui_basic_tracks_dash.ZC_CARRIER_DATAType">
                <Annotation Term="UI.HeaderInfo">
                    <Record Type="UI.HeaderInfoType">
                        <PropertyValue Property="TypeName" String="Carrier Detail"/>
                        <PropertyValue Property="TypeNamePlural" String="Carrier Details"/>
                        <PropertyValue Property="Title">
                            <Record Type="UI.DataField">
                                <PropertyValue Property="Value" Path="zzglec_carrier"/>
                            </Record>
                        </PropertyValue>
                        <PropertyValue Property="Description">
                            <Record Type="UI.DataField">
                                <PropertyValue Property="Value" Path="zzglec_carrier"/>
                            </Record>
                        </PropertyValue>
                        <PropertyValue Property="ImageUrl" String="sap-icon://shipping-status"/>
                    </Record>
                </Annotation>
                <Annotation Term="UI.FieldGroup" Qualifier="carrierDetail">
                    <Record Type="UI.FieldGroupType">
                        <PropertyValue Property="Label" String="Carrier Details"/>
                        <PropertyValue Property="Data">
                            <Collection>
                                <Record Type="UI.DataField">
                                    <PropertyValue Property="Value" Path="tspid"/>
                                    <PropertyValue Property="Label" String="Carrier ID"/>
                                </Record>
                                <Record Type="UI.DataField">
                                    <PropertyValue Property="Value" Path="zzglec_carrier"/>
                                    <PropertyValue Property="Label" String="Carrier Name"/>
                                </Record>
                                <Record Type="UI.DataField">
                                    <PropertyValue Property="Value" Path="zzglec_comb"/>
                                    <PropertyValue Property="Label" String="Carbon Emission"/>
                                </Record>
                                <Record Type="UI.DataField">
                                    <PropertyValue Property="Value" Path="intensity_factor_comb"/>
                                    <PropertyValue Property="Label" String="Intensity Factor"/>
                                </Record>
                            </Collection>
                        </PropertyValue>
                    </Record>
                </Annotation>
                <Annotation Term="UI.Facets">
                    <Collection>
                        <Record Type="UI.ReferenceFacet">
                            <PropertyValue Property="Target" AnnotationPath="@UI.FieldGroup#carrierDetail"/>
                            <PropertyValue Property="Label" String="carrierDetail"/>
                            <PropertyValue Property="ID" String="carrierDetail"/>
                            <Annotation Term="UI.IsSummary" Bool="true"/>
                        </Record>
                    </Collection>
                </Annotation>
                <Annotation Term="UI.Identification">
                    <Collection>
                        <Record Type="UI.DataField">
                            <PropertyValue Property="Value" Path="tspid"/>
                        </Record>
                        <Record Type="UI.DataField">
                            <PropertyValue Property="Value" Path="zzglec_carrier"/>
                        </Record>
                        <Record Type="UI.DataField">
                            <PropertyValue Property="Value" Path="zzglec_comb"/>
                        </Record>
                        <Record Type="UI.DataField">
                            <PropertyValue Property="Value" Path="intensity_factor_comb"/>
                        </Record>
                        <!-- <Record Type="UI.DataFieldForAction">
                            <PropertyValue Property="Label" String="Label"/>
                            <PropertyValue Property="Action" String="Action"/>
                            <Annotation Term="UI.Importance" EnumMember="UI.ImportanceType/High"/>
                        </Record> -->
                    </Collection>
                </Annotation>
            </Annotations>
        </Schema>
    </edmx:DataServices>
</edmx:Edmx>