{
  "utils/locate-reuse-libs.js": 1643968323688,
  "i18n/i18n.properties": 1643968323668,
  "manifest.json": 1643968370529,
  "localService/mockserver.js": 1643968323680,
  "Component.js": 1643968323644,
  "manifest-bundle.zip": 1643972869371,
  "Component-preload.js": 1643972869582,
  "localService/mockserver-dbg.js": 1643968323680,
  "utils/locate-reuse-libs-dbg.js": 1643968323688,
  "Component-dbg.js": 1643968323644,
  "test/flpSandboxMockServer.html": 1643968323688,
  "test/flpSandbox.html": 1643968323680,
  "localService/metadata.xml": 1643968323708,
  "localService/ZUI_C_BASIC_TRACKS_DASH_VAN.xml": 1643968323696,
  "annotations/annotation.xml": 1643968376453,
  "index.html": 1643968323648
}